{"k001":{"kId":"k001","iPro":1,"iMaxStar":-500},"k002":{"kId":"k002","iPro":1,"iMaxStar":-490.00000000000006},"k003":{"kId":"k003","iPro":1,"iMaxStar":-480},"k004":{"kId":"k004","iPro":1,"iMaxStar":-470},"k005":{"kId":"k005","iPro":1,"iMaxStar":-459.99999999999994},"k006":{"kId":"k006","iPro":1,"iMaxStar":-450},"k007":{"kId":"k007","iPro":1,"iMaxStar":-440.00000000000006},"k008":{"kId":"k008","iPro":1,"iMaxStar":-430},"k009":{"kId":"k009","iPro":1,"iMaxStar":-420},"k010":{"kId":"k010","iPro":1,"iMaxStar":-409.99999999999994},"k011":{"kId":"k011","iPro":1,"iMaxStar":-400},"k012":{"kId":"k012","iPro":1,"iMaxStar":-390},"k013":{"kId":"k013","iPro":2,"iMaxStar":-380},"k014":{"kId":"k014","iPro":2,"iMaxStar":-370},"k015":{"kId":"k015","iPro":3,"iMaxStar":-360},"k016":{"kId":"k016","iPro":4,"iMaxStar":-350},"k017":{"kId":"k017","iPro":5,"iMaxStar":-340},"k018":{"kId":"k018","iPro":7,"iMaxStar":-330},"k019":{"kId":"k019","iPro":9,"iMaxStar":-320},"k020":{"kId":"k020","iPro":11,"iMaxStar":-310},"k021":{"kId":"k021","iPro":14,"iMaxStar":-300},"k022":{"kId":"k022","iPro":17,"iMaxStar":-290},"k023":{"kId":"k023","iPro":21,"iMaxStar":-280},"k024":{"kId":"k024","iPro":25,"iMaxStar":-270},"k025":{"kId":"k025","iPro":30,"iMaxStar":-260},"k026":{"kId":"k026","iPro":36,"iMaxStar":-250},"k027":{"kId":"k027","iPro":43,"iMaxStar":-240},"k028":{"kId":"k028","iPro":51,"iMaxStar":-229.99999999999997},"k029":{"kId":"k029","iPro":60,"iMaxStar":-220.00000000000003},"k030":{"kId":"k030","iPro":69,"iMaxStar":-210},"k031":{"kId":"k031","iPro":80,"iMaxStar":-200},"k032":{"kId":"k032","iPro":92,"iMaxStar":-190},"k033":{"kId":"k033","iPro":105,"iMaxStar":-180},"k034":{"kId":"k034","iPro":119,"iMaxStar":-170},"k035":{"kId":"k035","iPro":133,"iMaxStar":-160},"k036":{"kId":"k036","iPro":149,"iMaxStar":-150},"k037":{"kId":"k037","iPro":165,"iMaxStar":-140},"k038":{"kId":"k038","iPro":181,"iMaxStar":-130},"k039":{"kId":"k039","iPro":198,"iMaxStar":-120},"k040":{"kId":"k040","iPro":215,"iMaxStar":-110.00000000000001},"k041":{"kId":"k041","iPro":231,"iMaxStar":-100},"k042":{"kId":"k042","iPro":247,"iMaxStar":-90},"k043":{"kId":"k043","iPro":263,"iMaxStar":-80},"k044":{"kId":"k044","iPro":277,"iMaxStar":-70},"k045":{"kId":"k045","iPro":290,"iMaxStar":-60},"k046":{"kId":"k046","iPro":302,"iMaxStar":-50},"k047":{"kId":"k047","iPro":312,"iMaxStar":-40},"k048":{"kId":"k048","iPro":320,"iMaxStar":-30},"k049":{"kId":"k049","iPro":326,"iMaxStar":-20},"k050":{"kId":"k050","iPro":330,"iMaxStar":-10},"k051":{"kId":"k051","iPro":332,"iMaxStar":0},"k052":{"kId":"k052","iPro":331,"iMaxStar":10},"k053":{"kId":"k053","iPro":328,"iMaxStar":20},"k054":{"kId":"k054","iPro":323,"iMaxStar":30},"k055":{"kId":"k055","iPro":316,"iMaxStar":40},"k056":{"kId":"k056","iPro":306,"iMaxStar":50},"k057":{"kId":"k057","iPro":295,"iMaxStar":60},"k058":{"kId":"k058","iPro":283,"iMaxStar":70},"k059":{"kId":"k059","iPro":269,"iMaxStar":80},"k060":{"kId":"k060","iPro":254,"iMaxStar":90},"k061":{"kId":"k061","iPro":238,"iMaxStar":100},"k062":{"kId":"k062","iPro":221,"iMaxStar":110.00000000000001},"k063":{"kId":"k063","iPro":205,"iMaxStar":120},"k064":{"kId":"k064","iPro":188,"iMaxStar":130},"k065":{"kId":"k065","iPro":171,"iMaxStar":140},"k066":{"kId":"k066","iPro":155,"iMaxStar":150},"k067":{"kId":"k067","iPro":139,"iMaxStar":160},"k068":{"kId":"k068","iPro":124,"iMaxStar":170},"k069":{"kId":"k069","iPro":110,"iMaxStar":180},"k070":{"kId":"k070","iPro":97,"iMaxStar":190},"k071":{"kId":"k071","iPro":85,"iMaxStar":200},"k072":{"kId":"k072","iPro":74,"iMaxStar":210},"k073":{"kId":"k073","iPro":63,"iMaxStar":220.00000000000003},"k074":{"kId":"k074","iPro":54,"iMaxStar":229.99999999999997},"k075":{"kId":"k075","iPro":46,"iMaxStar":240},"k076":{"kId":"k076","iPro":39,"iMaxStar":250},"k077":{"kId":"k077","iPro":32,"iMaxStar":260},"k078":{"kId":"k078","iPro":27,"iMaxStar":270},"k079":{"kId":"k079","iPro":22,"iMaxStar":280},"k080":{"kId":"k080","iPro":18,"iMaxStar":290},"k081":{"kId":"k081","iPro":15,"iMaxStar":300},"k082":{"kId":"k082","iPro":12,"iMaxStar":310},"k083":{"kId":"k083","iPro":9,"iMaxStar":320},"k084":{"kId":"k084","iPro":7,"iMaxStar":330},"k085":{"kId":"k085","iPro":6,"iMaxStar":340},"k086":{"kId":"k086","iPro":4,"iMaxStar":350},"k087":{"kId":"k087","iPro":3,"iMaxStar":360},"k088":{"kId":"k088","iPro":3,"iMaxStar":370},"k089":{"kId":"k089","iPro":2,"iMaxStar":380},"k090":{"kId":"k090","iPro":1,"iMaxStar":390},"k091":{"kId":"k091","iPro":1,"iMaxStar":400},"k092":{"kId":"k092","iPro":1,"iMaxStar":409.99999999999994},"k093":{"kId":"k093","iPro":1,"iMaxStar":420},"k094":{"kId":"k094","iPro":1,"iMaxStar":430},"k095":{"kId":"k095","iPro":1,"iMaxStar":440.00000000000006},"k096":{"kId":"k096","iPro":1,"iMaxStar":450},"k097":{"kId":"k097","iPro":1,"iMaxStar":459.99999999999994},"k098":{"kId":"k098","iPro":1,"iMaxStar":470},"k099":{"kId":"k099","iPro":1,"iMaxStar":480},"k100":{"kId":"k100","iPro":1,"iMaxStar":490.00000000000006},"k101":{"kId":"k101","iPro":1,"iMaxStar":500}}